<?xml version="1.0" encoding="utf-8"?>
<list>
	<item>
		<id>1</id>
		<iconurl>ddd</iconurl>
		<bref><![CDATA[三星I9300 Galaxy S|||（联通3G）（黑色）WCDMA/GSM]]></bref>
		<sold>32</sold>
		<comments>198</comments>
		<rank>4</rank>
		<detailurl>dddddd.action</detailurl>
	</item>
	<item>
		<id>2</id>
		<iconurl>ddd</iconurl>
		<bref><![CDATA[HTC X315e G21 Sensation XL送原电池座充正品行货]]></bref>
		<sold>32</sold>
		<comments>198</comments>
		<rank>4.5</rank>
		<detailurl>dddddd.action</detailurl>
	</item>
	<item>
		<id>3</id>
		<iconurl>ddd</iconurl>
		<bref><![CDATA[华为（HUAWEI）Ascend P1 3G手机（亚光黑）WCDMA/GSM]]></bref>
		<sold>32</sold>
		<comments>198</comments>
		<rank>4.5</rank>
		<detailurl>dddddd.action</detailurl>
	</item>
	<item>
		<id>4</id>
		<iconurl>ddd</iconurl>
		<bref><![CDATA[Samsung/三星B8062 4.19寸安卓2.3双卡双待 行货正品]]></bref>
		<sold>32</sold>
		<comments>198</comments>
		<rank>4.5</rank>
		<detailurl>dddddd.action</detailurl>
	</item>
	<item>
		<id>5</id>
		<iconurl>ddd</iconurl>
		<bref><![CDATA[Samsunb/三星GALAXY ACE S7500 Android 2.3智能手机]]></bref>
		<sold>32</sold>
		<comments>198</comments>
		<rank>4.5</rank>
		<detailurl>dddddd.action</detailurl>
	</item>
</list>