<?xml version="1.0" encoding="UTF-8"?>
<detail>
	<title><![CDATA[三星I9300 Galaxy S|||双核超薄安卓智能3G手机]]></title>
	<color><![CDATA[黑色]]></color>
	<count>1</count>
	<number>34568793456</number>
	<price>3399.00</price>
	<anchor>2012-08-20 22:59:00</anchor>
	<status>1</status>
	<addressname><![CDATA[紫紫]]></addressname>
	<addressphone>13510605815</addressphone>
	<addressdetail><![CDATA[深圳市南山区科技园长虹大厦]]></addressdetail>
	<commented>0</commented>
</detail>