<?xml version="1.0" encoding="utf-8"?>
<detail>
	<id>1</id>
	<iconurl>xxx.action</iconurl>
	<name><![CDATA[三星I9300 Galaxy S|||]]></name>
	<desc><![CDATA[外观设计：直板\n屏幕尺寸：4.8英寸\n分辨率：1280*720像素\n触控方式：电容屏（多点触控）\n摄像头像素：800万像素\n操作系统：Android OS 4.0\n内存：1GB RAM\n机身容量：16GB/32GB/64GB\n类型：锂电池，2100mAh\n重量：133.0g]]></desc>
	<colorlist>
		<color><![CDATA[白色]]></color>
		<color><![CDATA[黑色]]></color>
	</colorlist>
	<stock>100</stock>
	<pricequeryurl>ssss.action</pricequeryurl>
	<purchaseurl>dsfsfd.action</purchaseurl>
	<moredetailurl>ddssdds.action</moredetailurl>
	<paramurl>dssds.action</paramurl>
	<commentcount>356</commentcount>
</detail>