<?xml version="1.0" encoding="UTF-8"?>
<list>
	<item>
		<district><![CDATA[福田区]]></district>
		<title><![CDATA[华强商城]]></title>
		<address><![CDATA[深圳市福田区华强北上步工业区101栋]]></address>
		<telephone>0755-83285973</telephone>
		<latitude>22.538537</latitude>
		<longtitude>113.957608</longtitude>
	</item>
	<item>
		<district><![CDATA[福田区]]></district>
		<title><![CDATA[华强二店]]></title>
		<address><![CDATA[深圳市福田区华强北路赛格科技园3栋1-4层]]></address>
		<telephone>0755-83285976</telephone>
		<latitude>22.538690</latitude>
		<longtitude>113.960515</longtitude>
	</item>
	<item>
		<district><![CDATA[南山区]]></district>
		<title><![CDATA[南山赛格]]></title>
		<address><![CDATA[深圳市南山区南山大道1021号]]></address>
		<telephone>0755-83285976</telephone>
		<latitude>22.536808</latitude>
		<longtitude>113.960493</longtitude>
	</item>
	<item>
		<district><![CDATA[南山区]]></district>
		<title><![CDATA[恒通电子]]></title>
		<address><![CDATA[深圳市南山区南山天虹旁]]></address>
		<telephone>0755-83285976</telephone>
		<latitude>22.533855</latitude>
		<longtitude>113.962575</longtitude>
	</item>
	<item>
		<district><![CDATA[宝安区]]></district>
		<title><![CDATA[宝安富华]]></title>
		<address><![CDATA[深圳市宝安区宝安大道1023号]]></address>
		<telephone>0755-83285976</telephone>
		<latitude>22.531060</latitude>
		<longtitude>113.969066</longtitude>
	</item>
	<item>
		<district><![CDATA[宝安区]]></district>
		<title><![CDATA[宝安电子大世界]]></title>
		<address><![CDATA[深圳市宝安区富民二路XXX栋]]></address>
		<telephone>0755-83285976</telephone>
		<latitude>22.526422</latitude>
		<longtitude>113.967746</longtitude>
	</item>
</list>