<?xml version="1.0" encoding="utf-8"?>
<list>
	<item>
		<iconurl>appicon.jpg</iconurl>
		<author>SINA</author>
		<name><![CDATA[新浪微博]]></name>
		<rank>4.5</rank>
		<packagename>dfsaf</packagename>
		<version><![CDATA[1.1]]></version>
		<downloadurl>www.360doo.com/xxx1.action</downloadurl>
	</item>
	<item>
		<iconurl>appicon.jpg</iconurl>
		<author>360</author>
		<name><![CDATA[360手机安全卫士]]></name>
		<rank>4.5</rank>
		<packagename>dfsaf</packagename>
		<version><![CDATA[1.1]]></version>
		<downloadurl>www.360doo.com/xxx2.action</downloadurl>
	</item>
	<item>
		<iconurl>appicon.jpg</iconurl>
		<author>腾讯</author>
		<name><![CDATA[手机QQ]]></name>
		<rank>4.5</rank>
		<packagename>dfsaf</packagename>
		<version><![CDATA[1.1]]></version>
		<downloadurl>www.360doo.com/xxx3.action</downloadurl>
	</item>
	<item>
		<iconurl>appicon.jpg</iconurl>
		<author>163</author>
		<name><![CDATA[网易新闻]]></name>
		<rank>4</rank>
		<packagename>dfsaf</packagename>
		<version><![CDATA[1.1]]></version>
		<downloadurl>www.360doo.com/xxx4.action</downloadurl>
	</item>
	<item>
		<iconurl>appicon.jpg</iconurl>
		<author>京东商城</author>
		<name><![CDATA[EBook]]></name>
		<rank>5</rank>
		<packagename>dfsaf</packagename>
		<version><![CDATA[1.1]]></version>
		<downloadurl>www.360doo.com/xxx5.action</downloadurl>
	</item>
</list>