<?xml version="1.0" encoding="utf-8"?>
<warrantyinfo>
	<iconurl>ddss.action</iconurl>
	<name><![CDATA[三星I9300 Galaxy S|||]]></name>
	<brefintro><![CDATA[外观设计：直板\n屏幕尺寸：4.8英寸\n分辨率：1280*720像素\n触控方式：电容屏（多点触控）\n像素：800万像素\n操作系统：Android OS 4.0\n内存：1GB RAM\n机身容量：16GB/32GB/64GB\n电池类型：锂电池，2100mAh\n重量：132.0g]]></brefintro>
	<actived>0</actived>
	<commented>0</commented>
	<purchaseanchor><![CDATA[2012年8月1日]]></purchaseanchor>
	<expireanchor><![CDATA[2013年7月31日]]></expireanchor>
	<validspan>360</validspan>
	<recordlist>
		<record>
			<anchor><![CDATA[2012年8月10日]]></anchor>
			<shopname><![CDATA[福田新洲店]]></shopname>
			<service><![CDATA[安装软件服务]]></service>
		</record>
		<record>
			<anchor><![CDATA[2012年8月10日]]></anchor>
			<shopname><![CDATA[福田新洲店]]></shopname>
			<service><![CDATA[延长质保服务]]></service>
		</record>
	</recordlist>

</warrantyinfo>