<?xml version="1.0" encoding="UTF-8"?>

<congfig version="0">
	<app_group>
		<app id="0" location="bottom" width="fill" height="50"
			package="com.mbook.itaoshu|com.doo360.crm"
			delay="5" drag="0" adver_group_id="0" />

	</app_group>

	<adver_task>
		<adver_group id="0">

			<!--
			<adver id="0" url="http://cx.360doo.com/cxwap/198/910.html" name="平安车险" packagename="null"
				duration="15" pic="car.jpg" action="browser" />

			<adver id="1" name="小额贷款" packagename="null"
				url="http://www.edolnet.com/wap/index.asp?site=420&amp;ad=74&amp;idx=&amp;ipn=&amp;prev=&amp;ppn="
				duration="15" pic="pingan.jpg" action="browser" />

			<adver id="2" url="http://kan.mbook.com.cn/product/its/itaoshu_Q023V101.apk" name="爱淘书" packagename="com.mbook.itaoshu"
				duration="15" pic="its.gif" action="download" />

			<adver id="3" url="http://wt.ef-edu.net/ef/7/150.html" name="EF英孚教育" packagename="null"
				duration="15" pic="ef.gif" action="browser" />
			
			<adver id="4" name="小额贷款" packagename="null"
				url="http://www.edolnet.com/wap/index.asp?site=420&amp;ad=78&amp;idx=&amp;ipn=&amp;prev=&amp;ppn="
				duration="15" pic="pingan1.jpg" action="browser" />

			<adver id="5" name="小额贷款" packagename="null"
				url="http://www.edolnet.com/wap/index.asp?site=420&amp;ad=79&amp;idx=&amp;ipn=&amp;prev=&amp;ppn="
				duration="15" pic="pingan2.jpg" action="browser" />

			<adver id="6" name="小额贷款" packagename="null"
				url="http://www.edolnet.com/wap/index.asp?site=420&amp;ad=80&amp;idx=&amp;ipn=&amp;prev=&amp;ppn="
				duration="15" pic="pingan3.jpg" action="browser" />
			-->

			<adver id="0" url="http://m.baidu.com/s?from=1572e" name="百度一下" packagename="null"
				duration="15" pic="s.gif" action="browser" />

		</adver_group>
	</adver_task>

</congfig>